--EnKcYsPas,210.000,220.000,/m/0261r1
-5mNXYRyIJE,50.000,60.000,/m/0261r1,/m/09x0r
-5ndpuzXZWA,30.000,40.000,/m/0261r1,/m/09x0r,/m/0ytgt
-8Idiy30YLQ,10.000,20.000,/m/015lz1,/m/0261r1,/m/04rlf,/m/05fw6t,/m/09x0r,/m/0ytgt
-DsIEPiibls,0.000,10.000,/m/0261r1,/m/09x0r,/t/dd00125
-G822fYaD3c,130.000,140.000,/m/0261r1
-IxmP19HOUU,0.000,10.000,/m/0261r1,/m/09x0r,/t/dd00125
-L0DKsfBHFk,0.000,10.000,/m/0261r1,/m/09x0r
-RCSbpez9EU,0.000,6.000,/m/0261r1
-VJ9zcAFFzI,20.000,30.000,/m/0261r1,/t/dd00125
-h4FkZkmg1Q,280.000,290.000,/m/0261r1,/m/09x0r,/t/dd00125
0-c8jQZf5LY,0.000,10.000,/m/01j3sz,/m/0261r1,/t/dd00125
03boF1FHRiQ,110.000,120.000,/m/01hnzm,/m/0261r1,/m/04rlf,/m/09x0r
0ipb6JCmWqY,0.000,10.000,/m/0261r1
0loTD5XebiQ,20.000,30.000,/m/0261r1,/m/07rgt08,/m/0ytgt
0mtK02r5Lww,10.000,20.000,/m/0261r1,/m/09x0r,/m/0ytgt,/t/dd00125
0qCvekeAHkc,210.000,220.000,/m/01b_21,/m/0261r1
13Pqo2JAhQc,110.000,120.000,/m/0261r1,/m/09x0r,/m/0ytgt
14Y72r4KHos,70.000,80.000,/m/01j3sz,/m/0261r1,/m/02p3nc
18p8xpqceRY,50.000,60.000,/m/0261r1,/m/09x0r,/t/dd00125
1EgeaffEFjQ,20.000,30.000,/m/0261r1,/m/07rgt08
1ErHeWWhujk,80.000,90.000,/m/0261r1
1KFWU5cfBm0,250.000,260.000,/m/0261r1,/m/09x0r,/t/dd00126
1LOZ6z-5HOU,370.000,380.000,/m/0261r1,/m/09x0r
1TOZgu_y0yA,0.000,10.000,/m/0261r1,/m/09x0r
1TThHJISLn0,350.000,360.000,/m/0261r1
1WAA6qbtyyw,330.000,340.000,/m/0261r1
1nC1ddPiDVU,15.000,25.000,/m/0261r1
1pOHAhISrhk,200.000,210.000,/m/0261r1,/t/dd00125
1pkbLB7AXWM,0.000,10.000,/m/01j3sz,/m/0261r1,/m/07r660_,/m/09x0r,/m/0ytgt
1u0Ww4Yed-c,40.000,50.000,/m/0261r1,/t/dd00125
1vibZbgfJjo,20.000,30.000,/m/0261r1
1yHQa4QZGY8,350.000,360.000,/m/0261r1,/m/09x0r,/t/dd00002
1yLAjBhTJZs,0.000,10.000,/m/0261r1,/m/0ytgt
22Xs_eib5u4,30.000,40.000,/m/0261r1,/m/09x0r
24xw0VCUUS8,30.000,40.000,/m/0261r1
2CCnaXlZCX4,20.000,30.000,/m/0261r1
2MPM0gTHVic,0.000,10.000,/m/0261r1,/m/09x0r
2NBja-qp8T8,110.000,120.000,/m/0261r1
2QNoap2ntbQ,450.000,460.000,/m/0261r1,/m/09x0r
2S8S8bCiaeI,30.000,40.000,/m/0261r1,/m/09x0r,/m/0ytgt
2UUMr1GaomU,70.000,80.000,/m/0261r1
2ZxE0uMIfa0,10.000,20.000,/m/01hsr_,/m/0261r1,/m/09x0r
2bU3k5-p8yU,220.000,230.000,/m/0261r1
2qfUIqAgv-M,140.000,150.000,/m/0261r1,/m/09x0r
2sTc2C9Uh1w,0.000,10.000,/m/0261r1,/m/09x0r
2tC6tT0VKYc,30.000,40.000,/m/0261r1,/m/09x0r,/t/dd00125
3-jEwNQbplY,10.000,20.000,/m/0261r1,/m/068hy,/m/09x0r,/m/0bt9lr,/m/0jbk,/t/dd00128
30kFYZAqpRo,30.000,40.000,/m/0261r1
37ePsQmu1p0,0.000,10.000,/m/0261r1,/t/dd00125
38j8HLWZAZY,20.000,30.000,/m/0261r1,/m/09x0r,/m/0ytgt,/t/dd00125
3ABXobnlvoY,270.000,280.000,/m/0261r1,/m/09x0r,/t/dd00125
3IaqlZhHxe8,30.000,40.000,/m/0261r1
3OL6WrVqVWk,110.000,120.000,/m/0261r1,/m/09x0r
3mDx2YTf2xs,40.000,50.000,/m/0261r1,/m/07r660_
3mIBWUMWrwA,50.000,60.000,/m/0261r1,/t/dd00125
3mSMbp7lXo8,20.000,30.000,/m/0261r1,/m/09x0r
3n4ENB_Zj2o,20.000,30.000,/m/0261r1,/m/09x0r
3vtFr9bEPN0,10.000,20.000,/m/0261r1
4-0jWLNAceI,80.000,90.000,/m/0261r1,/m/09x0r,/t/dd00125
40GBBovBQvY,100.000,110.000,/m/01j3sz,/m/0261r1
40b-ZENIqPc,150.000,160.000,/m/0261r1,/m/09x0r
4EvJJ0lGJOo,80.000,90.000,/m/0261r1,/m/09x0r,/t/dd00125
4GrDc_MDuv0,90.000,100.000,/m/0261r1,/m/09x0r,/t/dd00125
4QeyxEsnApA,190.000,200.000,/m/0261r1,/m/09x0r
4S57b5tAISc,90.000,100.000,/m/01j3sz,/m/0261r1,/m/09x0r
4UeerzyMGU4,20.000,30.000,/m/0261r1,/m/09x0r
4ahK5WBeQMQ,30.000,40.000,/m/0261r1
4f0FFrKJZkk,100.000,110.000,/m/0261r1,/m/0ytgt
4jQ8ffBxWkk,70.000,80.000,/m/01b_21,/m/0261r1,/m/09x0r
4nwURRcUCt4,200.000,210.000,/m/0261r1
4sV5XOqFiMM,0.000,10.000,/m/0261r1,/m/09x0r
54gQFfXzSpA,400.000,410.000,/m/0261r1,/m/09x0r,/t/dd00125
5JJJDLcu8k0,10.000,20.000,/m/01j3sz,/m/0261r1,/t/dd00125
5Jl6yMerhLE,140.000,150.000,/m/0261r1
5P8yzV8SdF4,90.000,100.000,/m/0261r1
5Tbl2x7Bw2s,160.000,170.000,/m/0261r1
5VyAY8naE-0,0.000,10.000,/m/0261r1,/t/dd00125
5eIijuEjrZ8,0.000,10.000,/m/0261r1
5h6SXrBajvs,60.000,70.000,/m/0261r1,/m/09x0r
5k7pliwmXy4,130.000,140.000,/m/0261r1
5q96_Lf1iVM,330.000,340.000,/m/0261r1,/m/09x0r,/t/dd00125
60ac_CH7KvU,70.000,80.000,/m/0261r1,/m/09x0r,/t/dd00125
60vnM4mZfTA,40.000,50.000,/m/0261r1
69n8M40pzYo,10.000,20.000,/m/0261r1,/m/04rlf,/t/dd00125
6Mq4aNyttDU,10.000,20.000,/m/0261r1,/m/09x0r
6Yj4MU-4plI,30.000,40.000,/m/01j3sz,/m/0261r1,/t/dd00125
6ch6Cioa6XU,10.000,20.000,/m/0261r1,/m/09x0r,/t/dd00125
6fXP1WG6QSg,40.000,50.000,/m/0261r1,/m/0463cq4
6i2HHB069CE,190.000,200.000,/m/0261r1,/m/07sq110
6lMQHr_RUOY,80.000,90.000,/m/01j3sz,/m/0261r1
6rCDjn7whNE,20.000,30.000,/m/0261r1
6ydNzNTN_yg,30.000,40.000,/m/0261r1,/m/0463cq4,/t/dd00001,/t/dd00002,/t/dd00125
70X7ECBcVXk,30.000,40.000,/m/0261r1,/m/0ytgt
798aSjMVhCE,20.000,30.000,/m/0261r1,/m/09x0r,/t/dd00125
7D2OlsBVe40,0.000,10.000,/m/0261r1,/m/09x0r,/t/dd00001
7G1YTdY0Jdk,40.000,50.000,/m/0261r1,/t/dd00125
7HMt4dyxbl0,0.000,10.000,/m/0261r1,/m/03dnzn,/m/09x0r,/m/0ytgt
7IcToQN262c,70.000,80.000,/m/0261r1,/m/09x0r
7LcdbGO2Qlg,40.000,50.000,/m/0261r1
7SbrrO5fbhI,130.000,140.000,/m/0261r1,/m/09x0r,/t/dd00125
7ZBnpPDkjfY,130.000,140.000,/m/0261r1,/m/09x0r,/t/dd00125
7aPtFEB8WUQ,80.000,90.000,/m/0261r1
7f_2jvPkyNw,0.000,10.000,/m/0261r1
7tMM7AOEhzE,420.000,430.000,/m/0261r1,/m/05fw6t
7xKgi-A__E8,70.000,80.000,/m/0261r1,/m/04rlf
80OZooZ7TAY,150.000,160.000,/m/0261r1,/t/dd00125
8C3-N7sffYg,20.000,30.000,/m/0261r1,/m/04rlf,/m/09x0r,/t/dd00125
8G99dopyEGI,40.000,50.000,/m/0261r1,/m/09x0r
8RUogLWbKJc,50.000,60.000,/m/0261r1
8UVwDnDFSiQ,0.000,10.000,/m/0261r1
8b8tWh-7BD4,90.000,100.000,/m/0261r1,/m/04rlf,/m/09x0r
8dWzFQGl75w,50.000,60.000,/m/0261r1
8n34_nmRxBY,180.000,190.000,/m/0261r1
8u2v1db6Hx4,30.000,40.000,/m/0261r1,/m/09x0r
8utztWEzKHw,30.000,40.000,/m/0261r1
8wQDTvbxTY8,40.000,50.000,/m/0261r1,/m/09x0r,/t/dd00125
8zA5airAiRQ,40.000,50.000,/m/0261r1,/m/09x0r
9-shWJ7KmLw,10.000,20.000,/m/0261r1,/m/09x0r,/m/0ytgt,/t/dd00125
95NL1PwKCzA,0.000,10.000,/m/0261r1,/m/09x0r,/m/0ytgt,/t/dd00125
9BiCSJ4QKBU,90.000,100.000,/m/0261r1,/m/09x0r,/m/0ytgt
9WfXtnckhH8,30.000,40.000,/m/01j3sz,/m/0261r1,/m/09x0r
9eDLZX5YQL4,30.000,40.000,/m/0261r1,/m/02zsn,/m/07qrkrw,/m/07rgt08,/m/09x0r,/m/0ytgt
9la54XhNb_4,40.000,50.000,/m/0261r1
9tUmslto6eI,30.000,40.000,/m/0261r1
A2FhOCGzIQM,20.000,30.000,/m/0261r1,/m/09x0r
AIqruc7l8uc,110.000,120.000,/m/0261r1,/m/09x0r,/t/dd00125
AKH62Ye7YoI,10.000,20.000,/m/0261r1,/m/04rlf,/t/dd00125
APyK8BYzG-E,460.000,470.000,/m/0261r1
ARt5OCUYa08,10.000,20.000,/m/0261r1,/m/04rlf,/t/dd00125
AS-BeEgCVZw,110.000,120.000,/m/0261r1
AVWD0yayALM,20.000,30.000,/m/0261r1,/t/dd00125
AdgsSUxv3YQ,0.000,10.000,/m/0261r1,/m/07rgt08
AijhTW85_xM,20.000,30.000,/m/0261r1,/m/09x0r,/t/dd00125
AoxPG0Ax49U,210.000,220.000,/m/0261r1
Avl7Jc8gXUM,30.000,40.000,/m/0261r1,/m/09x0r
Aw-FfusnbRk,30.000,40.000,/m/0261r1
AxwPUw2IuCU,540.000,550.000,/m/0261r1,/m/09x0r
Azgh7UdY28s,30.000,40.000,/m/0261r1,/m/04rlf,/m/09x0r
B85cvlvtVeM,0.000,10.000,/m/01j3sz,/m/0261r1,/m/0463cq4,/m/07rgt08,/m/07s04w4,/m/09x0r
BMTa51Z_KXI,550.000,560.000,/m/0261r1
BPifVCUVLGA,510.000,520.000,/m/0261r1,/m/09x0r
BTt87jLhjxo,120.000,130.000,/m/0261r1,/m/09x0r
Ba36c1XVqU0,20.000,30.000,/m/0261r1
Bk_fmCgSIfk,50.000,60.000,/m/0261r1,/m/09x0r,/t/dd00125
Bm19EYKJFNE,30.000,40.000,/m/0261r1,/m/0463cq4,/m/0ytgt
Bn9CotpRLcw,100.000,110.000,/m/0261r1
BqOYMzFJ6QQ,10.000,20.000,/m/0261r1,/m/04rlf,/m/07xzm
BspAnDl4bEw,30.000,40.000,/m/0261r1
BvgWxJLCFfQ,70.000,80.000,/m/0261r1,/m/09x0r,/t/dd00126
Bzq3cRHLMQ0,0.000,10.000,/m/01j3sz,/m/0261r1,/m/09x0r,/m/0ytgt,/t/dd00125
C2IJAR-bzzo,80.000,90.000,/m/0261r1,/m/07r660_,/m/09x0r,/t/dd00125
CC8ZYGk63W0,30.000,40.000,/m/01j3sz,/m/0261r1,/m/03qc9zr,/m/0463cq4,/m/07rgt08,/m/07s04w4,/m/0ytgt,/t/dd00125
CIjYAHL0fqc,30.000,40.000,/m/0261r1,/m/0463cq4,/m/09x0r,/t/dd00125
CKyvfisboGo,30.000,40.000,/m/0261r1,/m/04rlf
CSygqNOACGU,30.000,40.000,/m/0261r1
CU1zHJqTNiw,80.000,90.000,/m/0261r1,/m/028v0c,/m/0ytgt,/t/dd00126
CcpaL3H7boU,10.000,20.000,/m/0261r1,/m/02p3nc,/m/09x0r
Ceoj5SQQZ2A,320.000,330.000,/m/0261r1,/m/09x0r
Ck0nrxefKQA,50.000,60.000,/m/0261r1,/m/09x0r,/m/0ytgt,/t/dd00126
D5BfgOuyVWU,280.000,290.000,/m/0261r1,/m/09x0r,/t/dd00128
D7KKGvdJtuE,100.000,110.000,/m/0261r1,/m/09x0r,/m/0k65p
DAZ-W7RP4N0,30.000,40.000,/m/0261r1
DAgvVf7q1zY,30.000,40.000,/m/0261r1
DNRAtEjQQjY,40.000,50.000,/m/01j3sz,/m/0261r1,/t/dd00001
DOPh0LxOGpw,40.000,50.000,/m/0261r1,/m/09x0r,/m/0ytgt,/t/dd00125
Dgjo9FUXvOo,10.000,20.000,/m/0261r1,/m/09x0r
DljJSVoo7b0,160.000,170.000,/m/0261r1,/m/09x0r,/t/dd00125
Don3ckUZT7s,270.000,280.000,/m/0261r1,/m/09x0r
Dqtb0SoJDdY,30.000,40.000,/m/0261r1,/m/09x0r
Dz98LB1UuaM,20.000,30.000,/m/0261r1,/m/09x0r
DzQdYY6ACHA,10.000,20.000,/m/0261r1
E3iHH_xgYqU,80.000,90.000,/m/0261r1
E4qT_AvQiVQ,40.000,50.000,/m/01j3sz,/m/0261r1,/m/09x0r
EAnzcJU2HHM,20.000,30.000,/m/0261r1,/m/09x0r
EIVjrcnB1O4,10.000,20.000,/m/0261r1,/m/09x0r,/t/dd00125
EKQrT9VQF08,30.000,40.000,/m/0261r1,/m/09x0r,/t/dd00125
EXG-IHgPa44,40.000,50.000,/m/0261r1
EbF6YGiwMUs,450.000,460.000,/m/0261r1,/m/09x0r,/t/dd00125
EfILwd2q3B0,30.000,40.000,/m/0261r1,/m/09x0r,/t/dd00125
Ehxz9w4sVU8,310.000,320.000,/m/0261r1,/m/09x0r,/t/dd00126
Euk3rtk0xUM,30.000,40.000,/m/0261r1,/m/09x0r
EwT19mYhRxQ,160.000,170.000,/m/0261r1,/m/07sq110,/m/09x0r,/m/0ytgt,/t/dd00125
EyCpVw_Xn60,80.000,90.000,/m/0261r1,/m/09x0r
F-zctD4eKCM,0.000,10.000,/m/01j3sz,/m/0261r1,/m/09x0r
FAxOrbOGnjA,30.000,40.000,/m/0261r1
FPFDm5XYRWs,20.000,30.000,/m/0261r1
FRr154O9PeI,60.000,70.000,/m/0261r1,/m/09x0r
FWbjdMBNkuY,26.000,36.000,/m/0261r1,/m/09x0r,/m/0ytgt
FXbGhNxuHzA,390.000,400.000,/m/0261r1,/m/09x0r,/t/dd00125
FddTmK_6KjA,60.000,70.000,/m/0261r1,/m/09x0r,/m/0ytgt
Ffp4E7Zr7cE,100.000,110.000,/m/0261r1,/m/09x0r
G3jIs8P448g,380.000,390.000,/m/0261r1,/m/09x0r,/m/0ytgt
G50slWZJlHs,0.000,10.000,/m/0261r1,/m/09x0r
GOm9432kHwE,30.000,40.000,/m/0261r1,/m/0326g,/m/04rlf
GS8Oas0Iv7w,60.000,70.000,/m/0261r1,/m/09x0r
GU8jj0fVrXc,20.000,30.000,/m/0261r1,/m/09x0r
Gb3egGdj1gY,0.000,10.000,/m/0261r1,/m/09x0r,/t/dd00125
Gkre3SF9mLk,30.000,40.000,/m/0261r1
GpN-p3Y0lCY,50.000,60.000,/m/01j3sz,/m/0261r1,/m/09x0r
H9VgWdN9RAc,30.000,40.000,/m/0261r1,/m/09x0r
HC976wI4bA4,150.000,160.000,/m/0261r1,/m/09x0r,/t/dd00125
HCBkagKTepI,520.000,530.000,/m/0261r1,/m/09x0r
HGBdJOttt9A,11.000,21.000,/m/0261r1
HH4S8tCMdD8,0.000,10.000,/m/0261r1,/m/09x0r
HHspg8jq04c,70.000,80.000,/m/0261r1,/t/dd00001,/t/dd00125
HTBzzt2VDlk,0.000,10.000,/m/0261r1,/m/09x0r,/m/0ytgt,/t/dd00125
HYoOPT-ohJo,30.000,40.000,/m/0261r1,/m/09x0r,/t/dd00125
Hbk5MkIqWRM,20.000,30.000,/m/0261r1,/m/04rlf
HdXqi695UY8,210.000,220.000,/m/0261r1,/m/09x0r,/t/dd00125
HijtYCEY1wg,0.000,10.000,/m/0261r1,/m/09x0r
HnDW0n298Gk,40.000,50.000,/m/0261r1
HrOY-NV8yAc,30.000,40.000,/m/0261r1,/t/dd00125
HsOrUSv6lqA,20.000,30.000,/m/0261r1,/m/09x0r,/t/dd00125
Hv8xCitMZa8,0.000,10.000,/m/0261r1
I-hyl6v-kuY,20.000,30.000,/m/0261r1,/m/09x0r
I-rNvlH-zxc,0.000,10.000,/m/0261r1,/m/09x0r,/t/dd00125
I5q38o16vvk,0.000,10.000,/m/0261r1
ICajcUYAan8,410.000,420.000,/m/0261r1,/m/09x0r,/t/dd00125
IEKZcQIDnrI,30.000,40.000,/m/0261r1,/m/09x0r
IJDZ85O0fkg,30.000,40.000,/m/01j3sz,/m/0261r1
IQmE6bCma80,30.000,40.000,/m/0261r1,/m/0463cq4,/t/dd00002
IRL9tpYW3Zc,60.000,70.000,/m/01j3sz,/m/0261r1
IVctunvuTjM,10.000,20.000,/m/0261r1,/m/09x0r
IYCABBdDcGU,20.000,30.000,/m/0261r1,/m/07r660_,/m/09x0r
I_N71dLXz34,30.000,40.000,/m/0261r1
Id91GOiG7sA,50.000,60.000,/m/0261r1,/t/dd00125
IgSFbG-Mwn8,40.000,50.000,/m/0261r1,/m/09x0r
IhRoV53vlmY,240.000,250.000,/m/0261r1,/m/09x0r
IonB-PFvFDo,40.000,50.000,/m/0261r1,/m/0463cq4,/m/0ytgt
Ipv6_Qz3oBI,90.000,100.000,/m/0261r1
Iu1h_-DryxA,30.000,40.000,/m/0261r1
IvU1fHjpH8Q,10.000,20.000,/m/0261r1
J0wl6t-en2o,0.000,10.000,/m/0261r1,/t/dd00125
JB7M3MyBwA4,70.000,80.000,/m/0261r1,/m/0ytgt
JXwpe3lcC8c,60.000,70.000,/m/01j3sz,/m/0261r1,/m/09x0r,/t/dd00125
JkhBAE-C5Fs,70.000,80.000,/m/0261r1
K1Ue0mz8hXk,410.000,420.000,/m/0261r1,/m/09x0r
K6A7GyPS0l0,60.000,70.000,/m/0261r1,/m/09x0r
KCWZH8mOUy0,30.000,40.000,/m/0261r1
KE2O37JYLOk,0.000,10.000,/m/0261r1,/m/09x0r
KIACRHM-LGI,80.000,90.000,/m/0261r1,/m/04rlf,/m/09x0r,/m/0ytgt
KJISKYg7Yoo,10.000,20.000,/m/0261r1
KMbKlOL8q5s,20.000,30.000,/m/0261r1,/m/09x0r
KPcdqbj3-iE,40.000,50.000,/m/0261r1,/m/09x0r,/m/0ytgt,/t/dd00125
KPgyX5WskNc,100.000,110.000,/m/0261r1,/m/09x0r,/t/dd00125
KYpW2VRlXyw,70.000,80.000,/m/0261r1,/m/09x0r,/t/dd00125
KZvzHlLMkLw,90.000,100.000,/m/0261r1
Ka5dgJR3z1o,40.000,50.000,/m/0261r1,/t/dd00125
KaM2zSXHHuc,0.000,10.000,/m/0261r1,/m/07s04w4
KbdK-oXOoDk,30.000,40.000,/m/0261r1
KfR4TrOIMvI,60.000,70.000,/m/0261r1,/m/09x0r
Kf_tDRGyo2w,120.000,130.000,/m/0261r1,/m/07qz6j3,/m/09x0r,/m/0ytgt,/t/dd00125
KhFQWQLEnnw,20.000,30.000,/m/01j3sz,/m/0261r1
KlMIS3exk3A,40.000,50.000,/m/01j3sz,/m/0261r1
L820RLZlxwg,380.000,390.000,/m/0261r1
LDz50tam4vg,490.000,500.000,/m/0261r1,/m/07r660_,/m/0ytgt
LS5KKiBdk0k,130.000,140.000,/m/0261r1
LSNswOThevo,290.000,300.000,/m/0261r1,/m/04rlf,/m/09x0r,/t/dd00125
LZpq-95Rw0U,70.000,80.000,/m/0261r1
LbESs7gmQqs,280.000,290.000,/m/0261r1
Llemx-jjVLg,30.000,40.000,/m/0261r1
Los2NL_dy6Q,580.000,590.000,/m/0261r1,/m/09x0r,/m/0ytgt,/t/dd00125
LrD2YEIIIFs,100.000,110.000,/m/0261r1,/m/09x0r
LtbwfSrWLv0,20.000,30.000,/m/0261r1,/m/09x0r,/t/dd00125
LwAlmsDIRQU,20.000,30.000,/m/0261r1
Lz9uMq05sn8,190.000,200.000,/m/01j3sz,/m/0261r1,/m/09x0r,/t/dd00126
M5UCcYNP3B8,140.000,150.000,/m/0261r1,/m/09x0r,/t/dd00125
M5kz4u0UXSc,120.000,130.000,/m/0261r1,/m/09x0r,/t/dd00125
M9E5aACwfrQ,70.000,80.000,/m/0261r1,/m/07sq110,/m/09x0r
M9iPtAPX6kA,10.000,20.000,/m/0261r1,/t/dd00125
MCZSCsFwNMw,30.000,40.000,/m/0261r1,/m/07r660_
MDIoFoawszM,40.000,50.000,/m/0261r1
MJE806Idm5A,40.000,50.000,/m/0261r1,/m/09x0r,/t/dd00125
MJEKrMdCW2w,80.000,90.000,/m/0261r1,/m/07sq110,/m/0ytgt
MMUlFccMTrI,380.000,390.000,/m/0261r1,/m/0463cq4
MTnrE2a-wUg,0.000,10.000,/m/0261r1
MYyTaYoBRjI,10.000,20.000,/m/01j3sz,/m/0261r1
M_ItZFTXuWw,10.000,20.000,/m/0261r1
MhvKFbpwdI8,10.000,20.000,/m/0261r1,/m/04rlf,/t/dd00125
MjelcwUa2No,500.000,510.000,/m/0261r1,/m/09x0r,/m/0ytgt
Mwx0OC8Jnec,530.000,540.000,/m/0261r1,/m/09x0r,/t/dd00125
MxrzmSfEUfg,20.000,30.000,/m/0261r1,/m/03dnzn,/m/09x0r
MzAkrtv75Sw,10.000,20.000,/m/0261r1
N05YGAH9iUs,0.000,10.000,/m/0261r1,/m/09x0r,/m/0ytgt
N1GAge18hvo,40.000,50.000,/m/0261r1,/m/09x0r
N2__8f0q_Kg,10.000,20.000,/m/0261r1,/m/09x0r
NAYF0r1Ez20,10.000,20.000,/m/0261r1,/m/09x0r,/t/dd00125
NGkt2TbEK6w,20.000,30.000,/m/01j3sz,/m/0261r1,/m/09x0r,/t/dd00125
NJMADbDuenM,70.000,80.000,/m/0261r1,/m/04rlf,/m/09x0r
NS1h51X3bic,0.000,10.000,/m/0261r1,/m/09x0r
NWERs1gCjy4,530.000,540.000,/m/0261r1,/m/0ytgt
NdGjZNpECpI,20.000,30.000,/m/0261r1,/t/dd00125
Nhrm8VOqH1M,0.000,10.000,/m/0261r1,/m/09x0r,/t/dd00125
NjZHh270-m8,150.000,160.000,/m/0261r1,/m/09x0r,/t/dd00125
NlALHWDhdN8,50.000,60.000,/m/0261r1,/m/04rlf,/m/09x0r,/t/dd00125
NnBNWZZ9x3k,310.000,320.000,/m/0261r1,/m/09x0r,/m/0ytgt
NqdS5u-x3i4,180.000,190.000,/m/0261r1,/m/09x0r,/t/dd00125
Nqu6WfYdMuI,240.000,250.000,/m/0261r1,/m/09x0r,/t/dd00125
NrrUCAPsXoo,80.000,90.000,/m/0261r1,/m/09x0r
NsThoeQT_0I,15.000,25.000,/m/0261r1,/m/0ytgt
NstiL8WTLxs,330.000,340.000,/m/0261r1,/m/07r660_,/m/09x0r,/t/dd00125
NzenpDe7gD0,0.000,10.000,/m/0261r1,/m/04rlf,/m/09x0r,/m/0ytgt
O-3fl8deUPo,40.000,50.000,/m/0261r1,/m/09x0r,/t/dd00125
O0uVuxvQvOY,30.000,40.000,/m/0261r1
OCw1rmApXZM,550.000,560.000,/m/0261r1,/m/04rlf,/m/09x0r,/t/dd00125
OJ2nn--rRjM,0.000,10.000,/m/0261r1,/m/09x0r
OKEXM7VH-Ek,390.000,400.000,/m/0261r1
ONfXMHmZbzs,200.000,210.000,/m/0261r1,/m/09x0r,/m/0ytgt,/t/dd00125
OOfrrU5Aukw,0.000,10.000,/m/0261r1,/m/09x0r,/t/dd00125
OQe59LXGSVM,30.000,40.000,/m/0261r1,/m/09x0r
OS8CwIvq7oE,20.000,30.000,/m/0261r1,/m/09x0r,/t/dd00125
OecTbbF9K5w,0.000,10.000,/m/0261r1,/m/09x0r,/t/dd00001
OfLAHSSawJw,20.000,30.000,/m/0261r1,/m/0ytgt
Ojlvpm8897Y,560.000,570.000,/m/0261r1,/m/09x0r,/m/0ytgt,/t/dd00125
P5RYjVd8voA,520.000,530.000,/m/0261r1,/m/09x0r
P6oTB-_xxSk,210.000,220.000,/m/0261r1,/m/09x0r
P8o3Edf4MVI,150.000,160.000,/m/0261r1
P9MXhqAW8As,30.000,40.000,/m/0261r1,/m/09x0r
P9p3NDaZ_fI,0.000,10.000,/m/0261r1
PAU46aqRPUs,10.000,20.000,/m/0261r1,/m/0lyf6
PDcL2gZCtng,40.000,50.000,/m/0261r1,/m/0ytgt
PEI1LfJvSjU,390.000,400.000,/m/0261r1,/m/09x0r,/t/dd00125
PEeSYcNDczY,20.000,30.000,/m/0261r1
PFQ3J3I0GC0,30.000,40.000,/m/0261r1,/m/09x0r
PL2JCmHAgEg,90.000,100.000,/m/0261r1
PaXrL0mrnTI,20.000,30.000,/m/01j3sz,/m/0261r1
PauJJstWSUU,250.000,260.000,/m/0261r1
PhCA-eQHADE,560.000,570.000,/m/0261r1,/m/09x0r,/t/dd00126
PpFiuRrVg2A,0.000,10.000,/m/0261r1
Px6IJsxPh_s,100.000,110.000,/m/0261r1,/m/04rlf,/m/09x0r
PxqiEoTJPAE,130.000,140.000,/m/0261r1
PzhYGxL_XgE,220.000,230.000,/m/0261r1,/m/09x0r,/t/dd00125
Q2P-Nh4vIBs,200.000,210.000,/m/0261r1
Q5OIYPFmezE,180.000,190.000,/m/0261r1,/m/02zsn,/m/0463cq4,/m/0ytgt
QAxiikyqodo,20.000,30.000,/m/0261r1,/m/09x0r,/m/0dl9sf8,/t/dd00125
QBOAR1YZ69M,60.000,70.000,/m/0261r1,/m/09x0r,/t/dd00129
QMT3fGYodDE,250.000,260.000,/m/0261r1,/m/09x0r,/t/dd00125
QUC1q_0GvPw,180.000,190.000,/m/0261r1
Ql4UjMO4FyA,30.000,40.000,/m/0261r1,/m/09x0r
Qrl05454IFg,10.000,20.000,/m/01j3sz,/m/0261r1
QtH-w3yVFWE,40.000,50.000,/m/0261r1,/m/09x0r,/m/0ytgt
Qv2DxGCJr68,0.000,10.000,/m/0261r1,/m/09x0r
R2o7Wdtvbko,80.000,90.000,/m/0261r1
R6GMkrPp9I8,50.000,60.000,/m/0261r1,/t/dd00125
RAtwkx6xYTw,0.000,10.000,/m/0261r1,/m/09x0r
RCXH3k645Z8,110.000,120.000,/m/0261r1,/m/07r660_,/m/09x0r,/t/dd00125
RCyxiOQLCs8,50.000,60.000,/m/0261r1,/m/04rlf,/m/09x0r,/t/dd00125
RIMncNmZoZA,30.000,40.000,/m/0261r1,/m/09x0r
RIuHB7VURyk,30.000,40.000,/m/0261r1,/m/09x0r,/m/0ytgt,/t/dd00126
RPhEtrpm4TI,20.000,30.000,/m/0261r1,/m/09x0r,/t/dd00125
RViTtu9_yLI,240.000,250.000,/m/0261r1,/m/09x0r,/t/dd00125
RWTBy9JD7Rk,80.000,90.000,/m/0261r1,/m/09x0r
RXU8dp-UG_0,410.000,420.000,/m/0261r1,/m/09x0r,/m/0ytgt,/t/dd00126
RXzkuPyVUJA,410.000,420.000,/m/0261r1,/m/09x0r
R_sTS3gehnU,10.000,20.000,/m/0261r1
Reozndjduq0,100.000,110.000,/m/015lz1,/m/0261r1,/m/0ytgt
Rl8gLsg7d_0,30.000,40.000,/m/01j3sz,/m/0261r1,/m/07r660_,/m/07rgt08,/m/09x0r,/m/0ytgt
Rla0EGGWr7A,210.000,220.000,/m/0261r1,/m/09x0r,/m/0ytgt
RvjkivL9gPA,180.000,190.000,/m/0261r1,/m/03dnzn,/m/09x0r,/m/0ytgt
RvnvShWpELc,0.000,10.000,/m/0261r1,/m/04rlf,/m/09x0r
RzzdzztWrqM,150.000,160.000,/m/0261r1,/m/02zsn,/m/09x0r,/t/dd00125
S-3c0G4mzP8,20.000,30.000,/m/0261r1
SFPEtW7loNc,120.000,130.000,/m/0261r1
SIOvpobbwS4,50.000,60.000,/m/0261r1,/m/09x0r,/m/0ytgt
SOnS4V10cfk,0.000,10.000,/m/0261r1,/t/dd00125
SQywkZ3RxN8,510.000,520.000,/m/0261r1,/m/09x0r,/t/dd00125
SR9jJQ9ldgc,90.000,100.000,/m/0261r1,/m/09x0r
SS1dFCBLTEA,90.000,100.000,/m/0261r1
ScCEKkmQGIs,0.000,10.000,/m/0261r1
ShpfhsvwfaE,10.000,20.000,/m/0261r1,/m/0ytgt
Si3-EcRYvoM,10.000,20.000,/m/0261r1
SmYc_5e4Zdk,20.000,30.000,/m/0261r1,/t/dd00005
SrDASzRJDPA,100.000,110.000,/m/0261r1,/m/04rlf,/m/09x0r,/t/dd00125
Ss4cn5XHfiY,410.000,420.000,/m/0261r1
SvQdVgEB7A0,250.000,260.000,/m/0261r1,/m/09x0r,/t/dd00125
T1vfG-FW4s8,170.000,180.000,/m/0261r1,/m/09x0r,/m/0ytgt,/t/dd00126
T7_y64KLSnE,20.000,30.000,/m/0261r1
T9R7mkQ4qWc,360.000,370.000,/m/0261r1
TOmu9IUtiso,40.000,50.000,/m/0261r1,/t/dd00001
TW0uVzceLig,80.000,90.000,/m/0261r1,/m/09x0r,/m/0ytgt
TZn6jfs4Bp8,70.000,80.000,/m/0261r1
Tb7Nu--dGJc,70.000,80.000,/m/01j3sz,/m/0261r1,/m/09x0r,/m/0ytgt,/t/dd00125
TiXsHxKgC0I,10.000,20.000,/m/0261r1,/m/09x0r,/t/dd00125
TiwvQ_09KSA,20.000,30.000,/m/0261r1
TnhGZkGhA3U,20.000,30.000,/m/0261r1,/m/09x0r,/t/dd00001,/t/dd00125
TqUf609qDuE,20.000,30.000,/m/0261r1,/m/04rlf,/m/09x0r,/m/0ytgt,/t/dd00125
Twyv_7TJwzo,50.000,60.000,/m/0261r1,/m/0ytgt
U0fpXVivQl0,10.000,20.000,/m/0261r1
U2E5DYnJ7So,10.000,20.000,/m/0261r1,/m/04rlf
U5aIvLAkXIY,140.000,150.000,/m/0261r1,/m/02rtxlg
UBiXXoYiUN8,40.000,50.000,/m/0261r1,/m/07rgt08
UHHS5KTdaJM,10.000,20.000,/m/0261r1,/m/09x0r,/t/dd00125
UT3Dv_FN4aQ,0.000,10.000,/m/0261r1
UTNZQZg-c4A,90.000,100.000,/m/01j3sz,/m/0261r1,/m/02p3nc
UcNuXPKHEN0,420.000,430.000,/m/0261r1,/m/09x0r,/t/dd00125
UdA_FCq5ZuA,40.000,50.000,/m/0261r1
UlFZN3MVBsw,40.000,50.000,/m/0261r1,/m/09x0r
Upn_t-D8UXk,330.000,340.000,/m/0261r1,/m/09x0r,/t/dd00125
Urjtgwu6uPc,200.000,210.000,/m/0261r1
V3NkPalQCM0,200.000,210.000,/m/0261r1,/m/0ytgt
V5EO_u92VJI,40.000,50.000,/m/0261r1,/m/07r660_,/m/09x0r
V7eYUTO-Re8,160.000,170.000,/m/0261r1,/m/0ytgt
V9Z7_x8XTis,30.000,40.000,/m/0261r1
VYtC_vHEe5Y,10.000,20.000,/m/01b_21,/m/0261r1
V_hHFfFjZNg,90.000,100.000,/m/0261r1,/m/09x0r
VfhMUXuNLAs,120.000,130.000,/m/0261r1
VlZDjGJeVOw,70.000,80.000,/m/0261r1,/t/dd00125
VmS3YRG8lYk,0.000,10.000,/m/0261r1,/m/04rlf,/m/09x0r,/t/dd00125
Vo7fUheduEk,10.000,20.000,/m/0261r1
W1OQ8KGvECo,250.000,260.000,/m/0261r1
W3uzJshS18A,210.000,220.000,/m/0261r1,/m/09x0r,/t/dd00125
WB2Y3CUQUw8,40.000,50.000,/m/0261r1,/m/0ytgt
WHvpt1FXuyI,30.000,40.000,/m/0261r1,/m/09x0r
WWb0zt8q_7g,0.000,10.000,/m/0261r1,/m/09x0r,/t/dd00125
WXAezvZnFk4,280.000,290.000,/m/0261r1,/m/09x0r,/t/dd00126
WZkc2WANMaM,0.000,10.000,/m/0261r1,/m/09x0r,/t/dd00125
W_3mVzwxKzg,30.000,40.000,/m/0261r1,/m/09x0r
W_3v5WivYTg,30.000,40.000,/m/0261r1
Wb7VTYfg4fU,90.000,100.000,/m/0261r1,/m/09x0r,/t/dd00125
WexnJ2De4uM,230.000,240.000,/m/0261r1,/m/09x0r,/m/0ytgt,/t/dd00125
Whu51TKWYMM,30.000,40.000,/m/0261r1
WmmANQ-ymjU,10.000,20.000,/m/0261r1,/m/04rlf,/m/09x0r
WoT6HZTMdy4,300.000,310.000,/m/0261r1,/m/09x0r,/t/dd00125
WsGnt8419JU,50.000,60.000,/m/0261r1,/t/dd00125
WtBl8iilxmY,10.000,20.000,/m/0261r1,/m/04rlf,/t/dd00125
Wv8I6JTQgiw,40.000,50.000,/m/0261r1
Wvh8mvEo8Jc,30.000,40.000,/m/0261r1
WwEwCcqEq6I,50.000,60.000,/m/0261r1,/m/09x0r,/t/dd00125
X2J8sKN25yI,30.000,40.000,/m/0261r1
XJJHGzmnl8M,30.000,40.000,/m/0261r1
XLf9Xk2v_3Y,60.000,70.000,/m/0261r1,/m/09x0r,/m/0ytgt,/t/dd00125
XOumw2bOMpI,20.000,30.000,/m/0261r1,/m/09x0r,/m/0ytgt
XOzVCq9thDY,10.000,20.000,/m/015lz1,/m/01j3sz,/m/0261r1
XRlw3FmUzKs,20.000,30.000,/m/0261r1,/m/09x0r,/t/dd00125
XZnT6aLbe34,0.000,7.000,/m/01j3sz,/m/0261r1,/m/07rgt08
Xs8ICb8jLPg,20.000,30.000,/m/0261r1,/m/09x0r,/m/0ytgt,/t/dd00129
XuGaYYdtZEc,30.000,40.000,/m/01j3sz,/m/0261r1,/m/07rgt08,/m/07sq110,/m/09x0r,/t/dd00125
XxBpnLtAItU,340.000,350.000,/m/0261r1,/m/09x0r,/t/dd00002
XzX8eYWx9DM,220.000,230.000,/m/0261r1
Y3w1owDuXr8,10.000,20.000,/m/0261r1
Y444bVn0Dho,20.000,30.000,/m/0261r1,/m/09x0r,/m/0ytgt
Y6EVXFZJUTY,50.000,60.000,/m/01j3sz,/m/0261r1,/m/04rlf,/m/09x0r,/t/dd00001
Y9Sywuze-eM,510.000,520.000,/m/0261r1,/m/09x0r
YDXxvaVTqxQ,240.000,250.000,/m/0261r1,/m/09x0r,/t/dd00127
YIIFsij7cpA,10.000,20.000,/m/0261r1,/m/04rlf,/m/09x0r,/t/dd00125
YR6BGK7Ovhg,210.000,220.000,/m/0261r1,/m/09x0r,/t/dd00125
YSKM5CT8gV8,30.000,40.000,/m/0261r1,/m/0463cq4,/m/07rgt08
YS_0haJ6cPE,30.000,40.000,/m/0261r1,/m/09x0r,/t/dd00125
Y_nsC-xOGBQ,90.000,100.000,/m/0261r1,/t/dd00125
Yc59wUZQ5-M,10.000,20.000,/m/0261r1,/m/0463cq4,/m/09x0r
YeHP3Y_MZMA,0.000,10.000,/m/015lz1,/m/0261r1,/m/04rlf
YnRvyf7Jmt8,70.000,80.000,/m/01j3sz,/m/0261r1,/m/07sq110
YqSGIGRxGiE,70.000,80.000,/m/0261r1,/t/dd00125
YudftN31yx8,20.000,30.000,/m/0261r1,/m/09x0r
YwSuC_W6tLs,40.000,50.000,/m/01j3sz,/m/0261r1,/m/09x0r
Z3jbrc6Ym30,50.000,60.000,/m/0261r1,/m/09x0r,/t/dd00125
Z3mOKhbKIrg,40.000,50.000,/m/0261r1
Z4vDkLwCdNI,150.000,160.000,/m/01j3sz,/m/0261r1,/m/09x0r
Z6hUCrmoPk8,10.000,20.000,/m/0261r1,/m/09x0r,/m/0ytgt
ZARsY8wpr0o,150.000,160.000,/m/0261r1,/m/09x0r
ZCzxUac0UwM,30.000,40.000,/m/0261r1,/m/09x0r,/t/dd00125
ZJMu4x1EWOI,130.000,140.000,/m/0261r1,/m/09x0r
ZKSN8lkxIlw,30.000,40.000,/m/0261r1,/m/09x0r,/t/dd00125
ZPqJ4jb1RI8,60.000,70.000,/m/0261r1,/m/09x0r,/m/0ytgt,/t/dd00125
ZWpEbIXZS_Q,40.000,50.000,/m/01b_21,/m/0261r1,/m/09x0r,/t/dd00125
Zgpcz4Fj_BI,30.000,40.000,/m/01j3sz,/m/0261r1,/t/dd00001
ZituE_1uIy0,160.000,170.000,/m/0261r1
ZmTA3gS01M4,170.000,180.000,/m/0261r1,/t/dd00125
ZtA2Uk5AkSE,100.000,110.000,/m/0261r1,/m/04rlf
Zy_lFyg8ptg,240.000,250.000,/m/0261r1,/m/0ytgt
ZzrwUc9H1cI,0.000,10.000,/m/01j3sz,/m/0261r1
ZztBrwilccg,50.000,60.000,/m/0261r1,/m/09x0r
_8JT92j1vzg,60.000,70.000,/m/0261r1,/m/0ytgt
_9T6BnNVovI,120.000,130.000,/m/0261r1,/m/09x0r,/m/0ytgt
_Fj6Jwz6XDs,80.000,90.000,/m/01hsr_,/m/0261r1,/m/09x0r
_GXe5dMsiMk,50.000,60.000,/m/0261r1,/m/04rlf,/m/09x0r,/t/dd00125
_NptAqzg_u8,170.000,180.000,/m/0261r1,/m/09x0r,/t/dd00126
_SyZ-OAMHKg,10.000,20.000,/m/01j3sz,/m/0261r1
_Xa5m6RyZbU,410.000,420.000,/m/0261r1,/m/09x0r
_ZcTLkzqESE,140.000,150.000,/m/0261r1,/m/068hy,/m/09x0r,/m/0bt9lr,/m/0jbk
_bRYwy6Qk18,90.000,100.000,/m/0261r1,/m/02p3nc,/m/09x0r
_fFqYWo7b4I,70.000,80.000,/m/0261r1,/m/09x0r
_jvYYX007Oc,30.000,40.000,/m/0261r1
_m4aRAMuLlc,50.000,60.000,/m/0261r1,/t/dd00125
_s0IfY7yCb8,70.000,80.000,/m/0261r1,/m/07rgt08
aFH51uLrhrk,180.000,190.000,/m/0261r1,/m/09x0r,/m/0ytgt
aFVzL5LDxsw,50.000,60.000,/m/0261r1,/m/09x0r
aIL6K-U5NbM,30.000,40.000,/m/0261r1
aO-KwB3LPus,50.000,60.000,/m/0261r1,/m/0ytgt
aQreePqcMFk,30.000,40.000,/m/0261r1
aYHE2GyWqy4,0.000,10.000,/m/01j3sz,/m/0261r1,/m/09x0r
aZqCW-NZCnc,0.000,10.000,/m/01j3sz,/m/0261r1,/m/09x0r,/t/dd00125
aacfyhpDDhA,0.000,10.000,/m/0261r1,/m/09x0r
aaz-kLU71HU,90.000,100.000,/m/0261r1,/m/09x0r,/m/0k65p
acDOVydwdFs,9.000,19.000,/m/0261r1
acP7dY5v-6w,230.000,240.000,/m/0261r1
akNfVtK4gOc,560.000,570.000,/m/0261r1,/m/09x0r,/t/dd00125
b3NfW7Vw_nE,500.000,510.000,/m/0261r1
b9LKb0z7xT4,30.000,40.000,/m/0261r1,/m/04rlf
bSUQC7sf01c,100.000,110.000,/m/0261r1,/m/09x0r,/t/dd00126
b_0_JvKPx6k,140.000,150.000,/m/0261r1
bcceW96JN88,30.000,40.000,/m/0261r1,/m/09x0r
biPJwkBezxc,100.000,110.000,/m/0261r1
bkmYIbAbyGo,10.000,20.000,/m/01j3sz,/m/0261r1,/m/09x0r
bwH6441q7Us,30.000,40.000,/m/0261r1
bwkcRezq-pw,30.000,40.000,/m/0261r1,/m/04rlf,/m/09x0r,/m/0ytgt,/t/dd00125
bxFdzLUpQOI,0.000,10.000,/m/01j3sz,/m/0261r1,/t/dd00125
c7Vnv69xzI0,400.000,410.000,/m/0261r1,/m/09x0r
c8HFzoS9Woc,90.000,100.000,/m/0261r1,/m/09x0r
cHv9h4G5908,350.000,360.000,/m/0261r1,/m/02p3nc,/m/09x0r
cRZpHpGnPDk,80.000,90.000,/m/01j3sz,/m/0261r1,/m/09x0r
cTlX_8j8zl8,50.000,60.000,/m/0261r1,/m/09x0r,/t/dd00125
caHLdrtLkJU,150.000,160.000,/m/0261r1
cdHZul3A2jw,40.000,50.000,/m/0261r1
ciF042MLvz0,20.000,30.000,/m/0261r1,/m/07r660_,/m/07rgt08,/m/07sq110
ctC2I3D4SIo,240.000,250.000,/m/0261r1,/t/dd00125
cuBsjHHg5jE,30.000,40.000,/m/0261r1,/m/07rgt08,/m/0ytgt
cuTH-zUtq-Y,40.000,50.000,/m/0261r1,/m/09x0r
d0msgHqJ7dA,10.000,20.000,/m/0261r1,/m/09x0r
d6-NjD5FPJ8,50.000,60.000,/m/01j3sz,/m/0261r1,/m/09x0r
d8M_SC_Orgw,550.000,560.000,/m/0261r1,/m/07sq110
dVQBHS69hWU,30.000,40.000,/m/0261r1,/m/07sq110
djBWuJ0xPtg,390.000,400.000,/m/0261r1,/m/09x0r,/t/dd00125
dmuseIB42ls,80.000,90.000,/m/0261r1
e42q9aaSUko,0.000,10.000,/m/0261r1,/m/09x0r
eHmwJpZTfYQ,20.000,30.000,/m/0261r1,/m/09x0r,/t/dd00125
eI3rg89h38c,1.000,11.000,/m/0261r1,/m/04rlf,/m/0ytgt
e_ef7l-hRNs,130.000,140.000,/m/0261r1,/m/09x0r,/m/0ytgt,/t/dd00125
eaAoblqxC70,50.000,60.000,/m/0261r1
epE1VyQ2okk,40.000,50.000,/m/0261r1,/m/0ytgt
esAEmmb63-Y,410.000,420.000,/m/0261r1,/m/09x0r
eswqZ97jLFk,210.000,220.000,/m/0261r1,/m/09x0r
exM4Dr3PuGA,180.000,190.000,/m/0261r1
f2fw80ipPyE,20.000,30.000,/m/0261r1
f2zJeFnc7V4,40.000,50.000,/m/0261r1,/m/09x0r,/t/dd00126
f4KAuIWWjAE,20.000,30.000,/m/0261r1,/m/09x0r
f5geZXrCDTw,410.000,420.000,/m/0261r1,/m/09x0r,/t/dd00126
f8X9CRdUouY,30.000,40.000,/m/0261r1
fDLyhmA3Bxs,40.000,50.000,/m/01j3sz,/m/0261r1
fX0ko7evSQs,20.000,30.000,/m/0261r1,/m/09x0r,/m/0ytgt
fXwd_6jqSKQ,140.000,150.000,/m/0261r1,/t/dd00125
fjNZ9mgNVmg,40.000,50.000,/m/0261r1,/m/07r660_
g4lBvkqqun8,80.000,90.000,/m/01j3sz,/m/0261r1
gBTRCsSRjco,180.000,190.000,/m/0261r1,/m/09x0r,/m/0ytgt
gC7yCsD01yw,10.000,20.000,/m/0261r1,/t/dd00001
gKEQmhUE5p4,190.000,200.000,/m/0261r1,/m/09x0r,/t/dd00125
gM9WSjAPDVc,30.000,40.000,/m/0261r1,/m/0ytgt
gOt14YaU_54,190.000,200.000,/m/0261r1,/t/dd00125
gULO_wGKuxk,40.000,50.000,/m/0261r1
gVCdxKF8SNA,80.000,90.000,/m/0261r1,/m/09x0r
g_TmyMnZNrY,490.000,500.000,/m/0261r1,/m/04rlf,/m/09x0r,/m/0ytgt,/t/dd00125
gfv6JTie5uo,160.000,170.000,/m/0261r1,/m/09x0r,/m/0ytgt,/t/dd00125
gi-IX72RoxA,90.000,100.000,/m/0261r1,/m/09x0r,/m/0ytgt
gpDP17dbX9w,10.000,20.000,/m/0261r1,/m/09x0r
gs2hAuviIUM,30.000,40.000,/m/0261r1
gugjz8RSJ24,20.000,30.000,/m/0261r1,/m/04rlf,/m/09x0r,/t/dd00125
hC-tMPlYa5k,20.000,30.000,/m/0261r1,/m/04rlf,/m/09x0r
hCKbwt7UAIw,550.000,560.000,/m/0261r1,/m/09x0r,/t/dd00126
hF2OTtPbZBg,10.000,20.000,/m/0261r1,/m/09x0r,/t/dd00125
hI68VQMIb8I,10.000,20.000,/m/0261r1,/t/dd00126
hJdxre4unUI,30.000,40.000,/m/0261r1,/m/09x0r
hObwuySy-tE,100.000,110.000,/m/0261r1,/m/09x0r,/t/dd00125
hOfRuSw28l4,40.000,50.000,/m/0261r1,/m/07rgt08,/m/07sq110
hPNjljiDw5s,20.000,30.000,/m/0261r1,/m/04rlf,/t/dd00125
hcAkrtXWxsk,0.000,10.000,/m/0261r1,/m/09x0r,/t/dd00125
helYAUNVfwg,60.000,70.000,/m/0261r1
hkdiYxK047A,0.000,10.000,/m/01j3sz,/m/0261r1,/m/02p3nc
hkxO5z3JV58,50.000,60.000,/m/0261r1
ho4TM7bYhY0,20.000,30.000,/m/0261r1,/m/09x0r,/t/dd00125
hob25ME8v4Q,230.000,240.000,/m/0261r1,/m/09x0r,/t/dd00125
hpBRerDG3QY,120.000,130.000,/m/01j3sz,/m/0261r1,/m/07rgt08,/m/09x0r,/t/dd00125
i4ZW4eJb050,230.000,240.000,/m/0261r1,/m/03dnzn,/m/09x0r,/t/dd00125
iK9t1zYxPqk,0.000,10.000,/m/0261r1,/m/07rgt08
iMkAhtR-k-o,20.000,30.000,/m/01j3sz,/m/0261r1
ijo60CPex6U,20.000,30.000,/m/0261r1
iwFi0OHt-K8,570.000,580.000,/m/0261r1,/m/09x0r,/t/dd00125
iwRFpe85t6E,70.000,80.000,/m/0261r1,/m/04rlf,/m/09x0r
j-jWgaPgfU0,20.000,30.000,/m/0261r1,/m/0ytgt
j45UGpjEYnU,30.000,40.000,/m/0261r1
jBGvpNYyZCc,80.000,90.000,/m/0261r1
jOOG8bi02cY,30.000,40.000,/m/01j3sz,/m/0261r1,/m/09x0r
jOkSfyJZIVE,160.000,170.000,/m/0261r1,/m/09x0r,/m/0ytgt,/t/dd00125
jSDQGILborg,20.000,30.000,/m/01j3sz,/m/0261r1,/t/dd00001
jY7gXzYibTo,60.000,70.000,/m/0261r1,/m/09x0r,/m/0ytgt
jcBhTir59wA,540.000,550.000,/m/0261r1,/m/09x0r
jgXecFKbzuM,10.000,20.000,/m/0261r1,/m/09x0r,/t/dd00125
jkP4NCWyq2Q,20.000,30.000,/m/01j3sz,/m/0261r1,/m/04rlf,/m/09x0r,/m/0bt9lr,/m/0jbk
jly2jnEzZqY,130.000,140.000,/m/0261r1,/m/09x0r,/t/dd00125
jv0Gsbq7DoQ,10.000,20.000,/m/01j3sz,/m/0261r1,/m/09x0r
jvt6kEQqWjc,10.000,20.000,/m/0261r1,/m/04rlf,/m/09x0r,/t/dd00125
k-wYqknZUNQ,120.000,130.000,/m/0261r1,/m/07s04w4
kHCARAnFLIQ,500.000,510.000,/m/0261r1,/m/09x0r,/m/0ytgt,/t/dd00125
kV5SMZfL7F8,130.000,140.000,/m/01j3sz,/m/0261r1,/t/dd00125
ke3O8iQACoA,30.000,40.000,/m/0261r1,/m/07mzm6
keoHGBIW-RE,40.000,50.000,/m/0261r1
khqtrfy7E3c,100.000,110.000,/m/0261r1,/m/09x0r
kja3Y9Kuc7w,130.000,140.000,/m/0261r1,/t/dd00125
kwd5lxsM2VA,30.000,40.000,/m/0261r1,/m/09x0r
l4XYVX79H58,400.000,410.000,/m/0261r1,/m/04rlf,/m/09x0r,/t/dd00125
l5mxfWr2X24,290.000,300.000,/m/0261r1,/t/dd00125
lFLQf0bLXWg,240.000,250.000,/m/0261r1,/m/09x0r,/t/dd00125
lMHXy7nfkvQ,20.000,30.000,/m/0261r1,/m/0ytgt
lMmARINmMCg,30.000,40.000,/m/0261r1,/m/09x0r,/t/dd00001
lYZNa7uuqnQ,0.000,10.000,/m/0261r1
ljTNG7lbHIc,30.000,40.000,/m/0261r1,/m/09x0r
lluzItlOMlQ,10.000,20.000,/m/0261r1,/m/09x0r,/m/0ytgt,/t/dd00126
lnAgKoACTCs,80.000,90.000,/m/0261r1,/m/09x0r,/t/dd00125
mN-T7P0TbWU,20.000,30.000,/m/0261r1
mSeolLQKgHg,30.000,40.000,/m/0261r1,/m/07qz6j3,/t/dd00125
maGNW9ByedU,70.000,80.000,/m/0261r1,/m/07sq110
mel9s1k_7ms,60.000,70.000,/m/0261r1,/m/09x0r,/m/0ytgt,/t/dd00125
mpP14PVOKr0,190.000,200.000,/m/0261r1,/t/dd00125
n4vW2qWAPSk,390.000,400.000,/m/0261r1,/m/09x0r,/m/0ytgt
n7_CLpzRYiU,100.000,110.000,/m/0261r1,/m/07sq110,/m/09x0r,/t/dd00125
nEkX2oOBaKc,30.000,40.000,/m/0261r1,/t/dd00125
nHpQURiH1X0,70.000,80.000,/m/0261r1,/m/09x0r,/m/0ytgt
nPw0iXhegmw,70.000,80.000,/m/01j3sz,/m/0261r1
nQK5NnFwP5s,180.000,190.000,/m/0261r1,/m/09x0r,/t/dd00125
nTjXKvuUhsY,110.000,120.000,/m/0261r1,/m/0ytgt
nXb4YQJKI-I,40.000,50.000,/m/01j3sz,/m/0261r1,/m/02p3nc,/m/09x0r
nYsdMOLIAlk,0.000,10.000,/m/0261r1,/m/0463cq4
nczKGKmIDQY,50.000,60.000,/m/0261r1,/m/07sq110,/m/09x0r
nj8A4o7q2Ro,0.000,10.000,/m/0261r1,/m/09x0r
nkBgV9lcHJ8,160.000,170.000,/m/0261r1,/m/09x0r
nppBSUTzBSg,30.000,40.000,/m/0261r1
ntkqUXaa4JA,20.000,30.000,/m/0261r1,/m/09x0r,/t/dd00013
oEPwoIrbXnQ,0.000,10.000,/m/0261r1
oW_3xEs_EYY,30.000,40.000,/m/0261r1,/m/0ytgt
oY084cKCxQY,40.000,50.000,/m/0261r1,/m/07r660_
ohXUPqVxkTo,20.000,30.000,/m/0261r1,/m/09x0r
okpiPXeRQC8,0.000,10.000,/m/01j3sz,/m/0261r1,/m/09x0r,/m/0ytgt
os4hk2E4OTo,160.000,170.000,/m/0261r1,/m/09x0r
owHknCr5woI,140.000,150.000,/m/0261r1,/m/09x0r,/t/dd00125
p0xpAiPbDX4,30.000,40.000,/m/0261r1,/m/09x0r
p3VlGJq4r_Y,30.000,40.000,/m/0261r1,/m/09x0r,/t/dd00125
pIpFGNCG3wk,100.000,110.000,/m/0261r1,/m/09x0r
pYrPT2l-CQM,10.000,20.000,/m/01j3sz,/m/0261r1,/m/07rgt08,/m/09x0r
pZzR7ax64Hk,0.000,10.000,/m/0261r1,/m/09x0r
pefa_UDkrBI,0.000,10.000,/m/0261r1,/m/09x0r,/t/dd00125
pgWAWwuAYos,20.000,30.000,/m/0261r1
ph7dj2YXhP4,20.000,30.000,/m/0261r1,/m/09x0r,/t/dd00125
piwzGI1_O2g,30.000,40.000,/m/01j3sz,/m/0261r1
pw2LOQk2uFo,430.000,440.000,/m/0261r1,/m/04rlf,/m/09x0r,/m/0ytgt
q--AX-UQT6k,40.000,50.000,/m/01j3sz,/m/0261r1
qBlLCUaMleM,350.000,360.000,/m/0261r1,/t/dd00125
qGYAkYO_i40,300.000,310.000,/m/0261r1,/m/09x0r,/t/dd00125
qSYh01BewDI,370.000,380.000,/m/0261r1,/m/09x0r,/m/0ytgt
qeS9CLjqbZk,30.000,40.000,/m/0261r1
qfJdk887xcw,160.000,170.000,/m/0261r1
qkQ0S62yMPo,70.000,80.000,/m/0261r1,/m/02p3nc
qvToQOTRO_A,20.000,30.000,/m/0261r1,/m/02p3nc,/m/09x0r
r-9_WkeHiCU,80.000,90.000,/m/01b_21,/m/01j3sz,/m/0261r1
r9DvXKA8W1c,20.000,30.000,/m/0261r1
rKivVqXeYuY,10.000,20.000,/m/01j3sz,/m/0261r1,/m/0ytgt,/t/dd00125
rT3Eiae3yUY,40.000,50.000,/m/0261r1,/m/09x0r,/t/dd00125
rWpVMWAp7zc,120.000,130.000,/m/0261r1,/m/09x0r
rcHEdHNZvls,270.000,280.000,/m/0261r1,/m/07r660_,/m/09x0r
rj1FsDTd1Eg,40.000,50.000,/m/0261r1
rvlF9I2KErI,280.000,290.000,/m/0261r1
sEZTctvtam0,90.000,100.000,/m/0261r1,/m/09x0r,/t/dd00125
sKExnias3Ko,90.000,100.000,/m/01j3sz,/m/0261r1,/m/09x0r,/t/dd00001,/t/dd00125
sPLbsz2VgRk,60.000,70.000,/m/0261r1
sftTva6mpCw,70.000,80.000,/m/0261r1,/m/09x0r
siRIZIHN_kA,0.000,10.000,/m/0261r1,/m/09x0r,/t/dd00125
soXBLBCaClA,30.000,40.000,/m/0261r1,/m/09x0r
spkB5ezAt0g,0.000,10.000,/m/0261r1,/m/09x0r,/t/dd00125
t0I7uvPyplw,10.000,20.000,/m/0261r1,/m/09x0r,/t/dd00125
t25WZFnP2Vg,120.000,130.000,/m/0261r1,/t/dd00125
tB24ebadZS8,30.000,40.000,/m/0261r1,/m/09x0r
tDtqpIdzFqc,0.000,10.000,/m/01hsr_,/m/0261r1,/m/09x0r
tWDG6UsiG3s,90.000,100.000,/m/0261r1,/m/07r660_
tXRFEIwWTEE,190.000,200.000,/m/0261r1
t_8ZOxv0AJI,540.000,550.000,/m/0261r1,/m/09x0r,/t/dd00125
tk6CpF-cIIE,370.000,380.000,/m/0261r1,/m/09x0r,/t/dd00125
tqzWIf5m6nQ,100.000,110.000,/m/0261r1,/m/09x0r
tsP4PSWMs7c,110.000,120.000,/m/0261r1,/m/02p3nc,/m/0lyf6
ttKJJv232lc,40.000,50.000,/m/0261r1,/m/09x0r
tzEVJ3znOMk,70.000,80.000,/m/0261r1,/m/09x0r
u4N61XkG6lo,0.000,10.000,/m/01hsr_,/m/0261r1,/m/09x0r
uHvQmjTjMDk,30.000,40.000,/m/0261r1,/m/04rlf,/m/09x0r,/t/dd00125
uJdjl1k0xgE,20.000,30.000,/m/0261r1,/m/09x0r,/t/dd00125
uY8WQqoa2lM,0.000,10.000,/m/0261r1,/m/0463cq4,/m/09x0r
udAeqpGvjWk,30.000,40.000,/m/0261r1,/m/09x0r
ujSUYQPCa98,0.000,10.000,/m/0261r1,/m/09x0r,/t/dd00125
v1iHicfAaDM,100.000,110.000,/m/0261r1,/m/09x0r
v1zwzxfGZwA,0.000,10.000,/m/0261r1
vFbu0dH7f-U,10.000,20.000,/m/01j3sz,/m/0261r1,/m/09x0r
vHyuMZIiXUc,150.000,160.000,/m/0261r1,/m/09x0r
vIWbEdpCh3o,0.000,10.000,/m/0261r1,/t/dd00125
vJn-qTLnkDw,340.000,350.000,/m/0261r1,/m/09x0r
vMRiOqTMxmM,0.000,7.000,/m/0261r1,/t/dd00125
vPGVfzwTY1E,20.000,30.000,/m/01j3sz,/m/0261r1,/m/02p3nc,/m/09x0r
vVOlncIrfEo,30.000,40.000,/m/01j3sz,/m/0261r1
vdGMSgdha7k,50.000,60.000,/m/0261r1,/m/04rlf
vfjqUXPQYGI,210.000,220.000,/m/0261r1,/m/09x0r,/t/dd00125
vnrPsVwx_r4,210.000,220.000,/m/0261r1,/m/09x0r,/t/dd00125
vos3Z1fDn6s,0.000,10.000,/m/0261r1,/m/09x0r,/t/dd00125
vy3BXQR-GKk,20.000,30.000,/m/0261r1,/m/09x0r,/m/0ytgt,/t/dd00125
w40sNTKhnS0,290.000,300.000,/m/0261r1,/m/09x0r,/m/0ytgt
w6D7VwrNF-U,20.000,30.000,/m/0261r1,/m/09x0r
wGBYlR12XP0,0.000,10.000,/m/01j3sz,/m/0261r1
wNr80AXGr3A,40.000,50.000,/m/0261r1,/m/09x0r
wcAcs259p2U,100.000,110.000,/m/01j3sz,/m/0261r1
wiAY6UVIsVM,30.000,40.000,/m/01j3sz,/m/0261r1,/m/09x0r
wr1lbdKeaII,40.000,50.000,/m/0261r1,/m/09x0r
x3mI2f1xMFs,20.000,30.000,/m/01j3sz,/m/0261r1,/m/07r660_,/m/07s04w4,/m/07sq110
x8wpk-5N4CA,10.000,20.000,/m/0261r1,/m/09x0r,/m/0ytgt,/t/dd00125
xDCSJtcb554,20.000,30.000,/m/0261r1
xGPniRMFOW4,10.000,20.000,/m/0261r1,/m/09x0r
xGQ4iX40QPE,10.000,20.000,/m/01j3sz,/m/0261r1,/m/09x0r
xHMEAaQ8FNw,410.000,420.000,/m/0261r1,/m/04rlf,/m/09x0r
xUMYZb3xYVQ,0.000,10.000,/m/01j3sz,/m/0261r1
xWFymLLSOJQ,70.000,80.000,/m/0261r1
xYnFacT8xRw,30.000,40.000,/m/0261r1,/m/09x0r,/m/0ytgt,/t/dd00125
xa2rErkU3_U,50.000,60.000,/m/01j3sz,/m/0261r1,/m/09x0r
xt6fg3Zwk-8,390.000,400.000,/m/0261r1,/m/07r660_,/m/09x0r,/t/dd00125
xukNOgsS0m4,20.000,30.000,/m/0261r1,/t/dd00125
y51QoA0uLXk,140.000,150.000,/m/0261r1,/m/09x0r,/t/dd00125
yEQcHorp68Y,30.000,40.000,/m/0261r1,/m/04rlf,/m/09x0r,/t/dd00125
yY_PdI_G0_U,0.000,10.000,/m/0261r1,/t/dd00125
yb44M1BerZ0,120.000,130.000,/m/0261r1,/m/09x0r,/m/0ytgt,/t/dd00125
yboZRn8ihVI,60.000,70.000,/m/0261r1,/m/09x0r,/t/dd00125
ykNKCU-WNls,40.000,50.000,/m/0261r1
ymb1V14o9C8,0.000,10.000,/m/0261r1,/m/05tny_,/m/068hy,/m/09x0r,/t/dd00125
yowfjaZsJfo,20.000,30.000,/m/0261r1
ytzMOmTuuZQ,150.000,160.000,/m/0261r1,/m/09x0r,/m/0ytgt,/t/dd00125
yudkRUU1njw,0.000,10.000,/m/0261r1
z9MFBdM6eU4,40.000,50.000,/m/0261r1,/m/09x0r
zDH3ciyeIlU,180.000,190.000,/m/0261r1,/m/09x0r
zFIFt7ncesU,10.000,20.000,/m/0261r1,/m/09x0r
zLiddhHxmKw,40.000,50.000,/m/0261r1,/t/dd00125
zNMdlaff_vs,40.000,50.000,/m/0261r1
zTZkbARSwuc,150.000,160.000,/m/0261r1
zlbl86BeqME,0.000,10.000,/m/0261r1,/t/dd00125
zpN6d2HXI9U,40.000,50.000,/m/0261r1,/m/0ytgt
zqC00tRroNs,10.000,20.000,/m/0261r1
zqJudT8gwUk,0.000,10.000,/m/0261r1
zrmInhAs2mA,590.000,600.000,/m/0261r1,/m/09x0r,/t/dd00125
zsOadrVY3gs,30.000,40.000,/m/01hsr_,/m/0261r1,/m/09x0r
zyUsL49-F-0,200.000,210.000,/m/0261r1,/m/09x0r
zyV39oe3I8g,0.000,10.000,/m/0261r1,/t/dd00125
0d3kh_lETKc,100.000,110.000,/m/0261r1,/m/07sq110,/m/09x0r
1vVpZDcRPsc,390.000,400.000,/m/0261r1
4aAYwdY_r_8,70.000,80.000,/m/01j3sz,/m/0261r1,/m/09x0r
53Bx2EKZb-s,0.000,10.000,/m/0261r1,/m/09x0r,/t/dd00125
5eoTmBjNl8A,340.000,350.000,/m/0261r1,/m/09x0r
66pL4oeEWGE,400.000,410.000,/m/0261r1
6oxzYHDgFaA,180.000,190.000,/m/0261r1,/m/09x0r,/t/dd00126
7y6SMvFdov8,0.000,10.000,/m/0261r1,/m/09x0r
8STVB5guQqg,30.000,40.000,/m/0261r1,/m/09x0r,/t/dd00125
9PXdzAsN-Ss,0.000,10.000,/m/0261r1,/m/09x0r,/t/dd00125
AZWvTwtpTPY,160.000,170.000,/m/0261r1,/m/07rgt08
BOoXaJfTsrQ,80.000,90.000,/m/0261r1
C1SqNwR-SFA,450.000,460.000,/m/0261r1
C3msYakeZUE,60.000,70.000,/m/0261r1,/m/09x0r,/m/0ytgt
CZysUOZ1B7M,50.000,60.000,/m/0261r1,/m/0ytgt
DQsIqraI1zk,40.000,50.000,/m/0261r1
F4MNazlTSQM,50.000,60.000,/m/0261r1,/m/09x0r
Fo1GjIO4su8,20.000,30.000,/m/0261r1,/m/09x0r
FuqquDb_Ffs,0.000,10.000,/m/0261r1,/m/09x0r,/m/0ytgt,/t/dd00125
Gmb2nLsvh4A,0.000,10.000,/m/0261r1,/m/09x0r
H1RZqx1o92I,230.000,240.000,/m/0261r1,/m/09x0r
HRQ9uwkTGTU,0.000,10.000,/m/012xff,/m/0261r1,/m/09x0r
HVv0jG7J0to,490.000,500.000,/m/0261r1,/m/0463cq4,/m/04rlf,/m/09x0r,/t/dd00001,/t/dd00002
KwarJwojN0Y,270.000,280.000,/m/0261r1,/m/09x0r
LPcFZBFb7bo,80.000,90.000,/m/0261r1,/m/09x0r,/t/dd00125
LYnNI12BRQo,30.000,40.000,/m/0261r1,/m/07r660_,/m/09x0r,/t/dd00125
NF7QlFS6RVs,50.000,60.000,/m/0261r1
ONns3NeieFo,40.000,50.000,/m/0261r1,/t/dd00125
Pj_YzLKBYDQ,50.000,60.000,/m/0261r1,/m/09x0r,/t/dd00125
QIA4MHE9XOc,0.000,10.000,/m/0261r1,/m/04rlf,/m/09x0r,/m/0ytgt
RD4NfdfsDPw,130.000,140.000,/m/0261r1,/m/04rlf
S1M_vwzA25k,30.000,40.000,/m/0261r1
S5-CkzJXxng,530.000,540.000,/m/0261r1,/m/07rgt08,/m/0ytgt
TdJt7z2ibhk,30.000,40.000,/m/0261r1,/m/09x0r
TlL45IWd0gk,50.000,60.000,/m/0261r1,/m/09x0r
TxWaRgpfg4c,30.000,40.000,/m/0261r1
URppqKbIZjk,0.000,10.000,/m/0261r1
VFDeywIJxdE,80.000,90.000,/m/0261r1
VHFjFr0hk2g,240.000,250.000,/m/0261r1,/m/09x0r,/m/0ytgt,/t/dd00125
Xxte4Ez0FcM,10.000,20.000,/m/0261r1,/t/dd00125
YBCYwcqxRQU,80.000,90.000,/m/0261r1,/t/dd00125
YdjvBZdrGuo,10.000,20.000,/m/0261r1,/m/07rgt08
ZR48r_8OhUI,50.000,60.000,/m/0261r1,/m/09x0r,/t/dd00125
Zo_wkyXVHPE,30.000,40.000,/m/0261r1,/t/dd00125
b7etZ94Mhrw,10.000,20.000,/m/0261r1
cJ4QLx8bwiQ,450.000,460.000,/m/0261r1,/m/0ytgt
ceOYh-U6zUc,40.000,50.000,/m/0261r1,/m/09x0r,/m/0ytgt,/t/dd00125
eVHnX7MrWNQ,350.000,360.000,/m/0261r1,/m/09x0r,/t/dd00125
fyE76QcAEgU,30.000,40.000,/m/0261r1
hhM7pEOpEAo,230.000,240.000,/m/0261r1,/m/04rlf,/m/07r660_,/m/09x0r,/t/dd00002
hxWBWPSw5vM,20.000,30.000,/m/0261r1,/m/09x0r
jJ-xaqcVmu0,270.000,280.000,/m/0261r1,/m/0ytgt
kKf9OprN9nw,400.000,410.000,/m/0261r1,/m/09x0r,/m/0ytgt
kf50dAfvfco,10.000,20.000,/m/015lz1,/m/0261r1,/t/dd00125
kkIRLR_77UQ,120.000,130.000,/m/0261r1,/t/dd00125
ps07pteP-7g,40.000,50.000,/m/0261r1,/m/09x0r,/t/dd00125
rDeldp48b1M,80.000,90.000,/m/0261r1,/m/09x0r
rF-N3jUEwHw,0.000,10.000,/m/0261r1,/m/09x0r
tqwlTctyIEI,40.000,50.000,/m/0261r1,/m/09x0r,/m/0ytgt
vkuvXhauqsc,330.000,340.000,/m/0261r1,/m/04rlf,/m/09x0r,/t/dd00125
-gCqnkIUmp0,140.000,150.000,/m/0261r1,/m/04rlf,/m/09x0r,/t/dd00125
-hedbpc8T0E,30.000,40.000,/m/0261r1
2mw1UMcc_Ys,30.000,40.000,/m/0261r1,/m/09x0r
3UCK4XCrvoc,30.000,40.000,/m/0261r1
3ZGi57Zl1Qk,30.000,40.000,/m/0261r1,/m/09x0r,/m/0ytgt,/t/dd00125
7uK5ctEget0,20.000,30.000,/m/0261r1,/m/068hy,/m/0bt9lr,/m/0jbk
8F8HvVMwXyw,90.000,100.000,/m/0261r1,/m/0ytgt
8J4YSr55IbY,9.000,19.000,/m/0261r1
B-K7y3QUkkw,30.000,40.000,/m/0261r1
Bh-o_G4wNZU,10.000,20.000,/m/0261r1,/m/09x0r,/m/0ytgt,/t/dd00125
Bho0lwcxn1g,20.000,30.000,/m/0261r1,/m/0ytgt
BjYsesK0GQw,30.000,40.000,/m/0261r1
Bxpp8MU3Dc0,210.000,220.000,/m/0261r1,/m/09x0r
Cmhpj4MJ_hQ,20.000,30.000,/m/01j3sz,/m/0261r1,/m/07sq110,/t/dd00126
ElgXgJjGZbQ,110.000,120.000,/m/0261r1,/m/09x0r,/t/dd00125
FTOafffuu5U,150.000,160.000,/m/0261r1,/m/09x0r
GhOXDKsmewM,30.000,40.000,/m/0261r1,/m/09x0r,/t/dd00001
H3P5GZ8fMCw,30.000,40.000,/m/0261r1,/m/07qcx4z,/m/09x0r
IkUsSY47oBk,20.000,30.000,/m/0261r1,/m/09x0r,/m/0ytgt,/t/dd00125
IyV2j4BsEM8,30.000,40.000,/m/0261r1,/m/0ytgt
Le4vGJ4U7AM,0.000,10.000,/m/0261r1,/m/09x0r
Mj51bVlY8Fg,150.000,160.000,/m/0261r1,/m/09x0r,/t/dd00125
NXZS5FiPhA4,210.000,220.000,/m/0261r1,/m/04rlf,/m/09x0r
OKsOk8558gs,380.000,390.000,/m/0261r1,/m/07rgt08,/m/0ytgt
Oc9azgD3RJ8,30.000,40.000,/m/0261r1,/m/04rlf,/m/04s8yn,/m/07r5c2p,/m/07r660_,/m/07s04w4,/m/09x0r
OlyUke5XFw4,30.000,40.000,/m/0261r1
P_utET7TCMQ,20.000,30.000,/m/0261r1,/m/09x0r,/t/dd00125
SwRjY1-ojAU,30.000,40.000,/m/0261r1,/m/04rlf,/t/dd00125
U2Z3gH8r1hE,160.000,170.000,/m/0261r1,/m/0ytgt
ULLJMxwt8Jc,150.000,160.000,/m/0261r1,/m/09x0r
UWZg6DiLRgc,80.000,90.000,/m/0261r1,/m/09x0r,/m/0ytgt
UfkehxAd_M4,40.000,50.000,/m/0261r1
WcPOGKf6RE8,110.000,120.000,/m/01j3sz,/m/0261r1,/m/05tny_,/m/068hy,/m/09x0r,/m/0bt9lr,/m/0jbk
Y6-EXl7Njzg,30.000,40.000,/m/01j3sz,/m/0261r1,/m/07qjznt,/m/07rgt08,/m/07s04w4,/m/09x0r
YP9bqVB-sVg,30.000,40.000,/m/0261r1,/m/0ytgt
Y_Mz8HfaT2U,30.000,40.000,/m/025_jnm,/m/0261r1,/m/07s04w4,/m/09x0r,/m/0ytgt
Z8e1GUopzRk,50.000,60.000,/m/0261r1,/m/09x0r
_AadO6XA3OU,30.000,40.000,/m/01j3sz,/m/0261r1,/m/07s04w4,/m/09x0r
a7WAfwKi88Q,30.000,40.000,/m/01h8n0,/m/0261r1,/m/02zsn,/m/04rlf,/m/09x0r
aXV-yaFmQNk,70.000,80.000,/m/0261r1
al5JLR2skWY,90.000,100.000,/m/0261r1
an8sNYncBao,450.000,460.000,/m/0261r1,/m/0ytgt
bDN1mAaexyE,180.000,190.000,/m/0261r1,/m/0ytgt
bHmbZDvqpyo,20.000,30.000,/m/0261r1,/m/09x0r
bt6HajgJ9Ls,420.000,430.000,/m/0261r1,/m/09x0r,/t/dd00125
f61vxWAeITg,70.000,80.000,/m/0261r1
gF5gfblw13c,370.000,380.000,/m/0261r1,/m/09x0r,/m/0ytgt
jucJMIMABN8,10.000,20.000,/m/0261r1,/m/09x0r,/m/0ytgt
kGwrxzwJdRA,30.000,40.000,/m/0261r1
mF6mWHFxd6w,30.000,40.000,/m/0261r1
miT69L7G9iA,140.000,150.000,/m/0261r1,/m/04rlf,/m/05fw6t,/m/09x0r,/m/0ytgt
oCVRgGxkKo4,90.000,100.000,/m/0261r1,/m/09x0r,/t/dd00125
qWIzaRz4nxM,90.000,100.000,/m/01j3sz,/m/0261r1,/m/09x0r
qdE9zVIdw0Q,360.000,370.000,/m/0261r1,/m/04rlf,/m/09x0r,/t/dd00125
rlYylM9c1BE,50.000,60.000,/m/0261r1,/m/09x0r,/t/dd00125
s_Le6PwhssI,20.000,30.000,/m/0261r1,/m/0463cq4,/t/dd00002,/t/dd00125
w_2CuyovnhM,190.000,200.000,/m/0261r1,/m/09x0r,/t/dd00125
wjH3t3JVsgQ,50.000,60.000,/m/0261r1,/m/09x0r,/t/dd00001
yXZDVz-3ebg,120.000,130.000,/m/01j3sz,/m/0261r1,/m/09x0r
z3325GR5IRY,0.000,10.000,/m/0261r1,/t/dd00125
